<?xml version="1.0" encoding="UTF-8"?>
<entity_authorization_role>
  <fields primary="id_authorization_role" sql="a.id_profile = 1">
    <field name="id_authorization_role"/>
    <field name="slug"/>
  </fields>
  <entities>
    <!-- Menu -->
    <authorization_role id="TAB_ADMINACCESS_CREATE" slug="ROLE_MOD_TAB_ADMINACCESS_CREATE"/>
    <authorization_role id="TAB_ADMINACCESS_READ" slug="ROLE_MOD_TAB_ADMINACCESS_READ"/>
    <authorization_role id="TAB_ADMINACCESS_UPDATE" slug="ROLE_MOD_TAB_ADMINACCESS_UPDATE"/>
    <authorization_role id="TAB_ADMINACCESS_DELETE" slug="ROLE_MOD_TAB_ADMINACCESS_DELETE"/>
    <authorization_role id="TAB_ADMINADDRESSES_CREATE" slug="ROLE_MOD_TAB_ADMINADDRESSES_CREATE"/>
    <authorization_role id="TAB_ADMINADDRESSES_READ" slug="ROLE_MOD_TAB_ADMINADDRESSES_READ"/>
    <authorization_role id="TAB_ADMINADDRESSES_UPDATE" slug="ROLE_MOD_TAB_ADMINADDRESSES_UPDATE"/>
    <authorization_role id="TAB_ADMINADDRESSES_DELETE" slug="ROLE_MOD_TAB_ADMINADDRESSES_DELETE"/>
    <authorization_role id="TAB_ADMINADMINPREFERENCES_CREATE" slug="ROLE_MOD_TAB_ADMINADMINPREFERENCES_CREATE"/>
    <authorization_role id="TAB_ADMINADMINPREFERENCES_READ" slug="ROLE_MOD_TAB_ADMINADMINPREFERENCES_READ"/>
    <authorization_role id="TAB_ADMINADMINPREFERENCES_UPDATE" slug="ROLE_MOD_TAB_ADMINADMINPREFERENCES_UPDATE"/>
    <authorization_role id="TAB_ADMINADMINPREFERENCES_DELETE" slug="ROLE_MOD_TAB_ADMINADMINPREFERENCES_DELETE"/>
    <authorization_role id="TAB_ADMINADVANCEDPARAMETERS_CREATE" slug="ROLE_MOD_TAB_ADMINADVANCEDPARAMETERS_CREATE"/>
    <authorization_role id="TAB_ADMINADVANCEDPARAMETERS_READ" slug="ROLE_MOD_TAB_ADMINADVANCEDPARAMETERS_READ"/>
    <authorization_role id="TAB_ADMINADVANCEDPARAMETERS_UPDATE" slug="ROLE_MOD_TAB_ADMINADVANCEDPARAMETERS_UPDATE"/>
    <authorization_role id="TAB_ADMINADVANCEDPARAMETERS_DELETE" slug="ROLE_MOD_TAB_ADMINADVANCEDPARAMETERS_DELETE"/>
    <authorization_role id="TAB_ADMINATTACHMENTS_CREATE" slug="ROLE_MOD_TAB_ADMINATTACHMENTS_CREATE"/>
    <authorization_role id="TAB_ADMINATTACHMENTS_READ" slug="ROLE_MOD_TAB_ADMINATTACHMENTS_READ"/>
    <authorization_role id="TAB_ADMINATTACHMENTS_UPDATE" slug="ROLE_MOD_TAB_ADMINATTACHMENTS_UPDATE"/>
    <authorization_role id="TAB_ADMINATTACHMENTS_DELETE" slug="ROLE_MOD_TAB_ADMINATTACHMENTS_DELETE"/>
    <authorization_role id="TAB_ADMINATTRIBUTESGROUPS_CREATE" slug="ROLE_MOD_TAB_ADMINATTRIBUTESGROUPS_CREATE"/>
    <authorization_role id="TAB_ADMINATTRIBUTESGROUPS_READ" slug="ROLE_MOD_TAB_ADMINATTRIBUTESGROUPS_READ"/>
    <authorization_role id="TAB_ADMINATTRIBUTESGROUPS_UPDATE" slug="ROLE_MOD_TAB_ADMINATTRIBUTESGROUPS_UPDATE"/>
    <authorization_role id="TAB_ADMINATTRIBUTESGROUPS_DELETE" slug="ROLE_MOD_TAB_ADMINATTRIBUTESGROUPS_DELETE"/>
    <authorization_role id="TAB_ADMINBACKUP_CREATE" slug="ROLE_MOD_TAB_ADMINBACKUP_CREATE"/>
    <authorization_role id="TAB_ADMINBACKUP_READ" slug="ROLE_MOD_TAB_ADMINBACKUP_READ"/>
    <authorization_role id="TAB_ADMINBACKUP_UPDATE" slug="ROLE_MOD_TAB_ADMINBACKUP_UPDATE"/>
    <authorization_role id="TAB_ADMINBACKUP_DELETE" slug="ROLE_MOD_TAB_ADMINBACKUP_DELETE"/>
    <authorization_role id="TAB_ADMINCARRIERS_CREATE" slug="ROLE_MOD_TAB_ADMINCARRIERS_CREATE"/>
    <authorization_role id="TAB_ADMINCARRIERS_READ" slug="ROLE_MOD_TAB_ADMINCARRIERS_READ"/>
    <authorization_role id="TAB_ADMINCARRIERS_UPDATE" slug="ROLE_MOD_TAB_ADMINCARRIERS_UPDATE"/>
    <authorization_role id="TAB_ADMINCARRIERS_DELETE" slug="ROLE_MOD_TAB_ADMINCARRIERS_DELETE"/>
    <authorization_role id="TAB_ADMINCARTRULES_CREATE" slug="ROLE_MOD_TAB_ADMINCARTRULES_CREATE"/>
    <authorization_role id="TAB_ADMINCARTRULES_READ" slug="ROLE_MOD_TAB_ADMINCARTRULES_READ"/>
    <authorization_role id="TAB_ADMINCARTRULES_UPDATE" slug="ROLE_MOD_TAB_ADMINCARTRULES_UPDATE"/>
    <authorization_role id="TAB_ADMINCARTRULES_DELETE" slug="ROLE_MOD_TAB_ADMINCARTRULES_DELETE"/>
    <authorization_role id="TAB_ADMINCARTS_CREATE" slug="ROLE_MOD_TAB_ADMINCARTS_CREATE"/>
    <authorization_role id="TAB_ADMINCARTS_READ" slug="ROLE_MOD_TAB_ADMINCARTS_READ"/>
    <authorization_role id="TAB_ADMINCARTS_UPDATE" slug="ROLE_MOD_TAB_ADMINCARTS_UPDATE"/>
    <authorization_role id="TAB_ADMINCARTS_DELETE" slug="ROLE_MOD_TAB_ADMINCARTS_DELETE"/>
    <authorization_role id="TAB_ADMINCATALOG_CREATE" slug="ROLE_MOD_TAB_ADMINCATALOG_CREATE"/>
    <authorization_role id="TAB_ADMINCATALOG_READ" slug="ROLE_MOD_TAB_ADMINCATALOG_READ"/>
    <authorization_role id="TAB_ADMINCATALOG_UPDATE" slug="ROLE_MOD_TAB_ADMINCATALOG_UPDATE"/>
    <authorization_role id="TAB_ADMINCATALOG_DELETE" slug="ROLE_MOD_TAB_ADMINCATALOG_DELETE"/>
    <authorization_role id="TAB_ADMINCATEGORIES_CREATE" slug="ROLE_MOD_TAB_ADMINCATEGORIES_CREATE"/>
    <authorization_role id="TAB_ADMINCATEGORIES_READ" slug="ROLE_MOD_TAB_ADMINCATEGORIES_READ"/>
    <authorization_role id="TAB_ADMINCATEGORIES_UPDATE" slug="ROLE_MOD_TAB_ADMINCATEGORIES_UPDATE"/>
    <authorization_role id="TAB_ADMINCATEGORIES_DELETE" slug="ROLE_MOD_TAB_ADMINCATEGORIES_DELETE"/>
    <authorization_role id="TAB_ADMINCMSCONTENT_CREATE" slug="ROLE_MOD_TAB_ADMINCMSCONTENT_CREATE"/>
    <authorization_role id="TAB_ADMINCMSCONTENT_READ" slug="ROLE_MOD_TAB_ADMINCMSCONTENT_READ"/>
    <authorization_role id="TAB_ADMINCMSCONTENT_UPDATE" slug="ROLE_MOD_TAB_ADMINCMSCONTENT_UPDATE"/>
    <authorization_role id="TAB_ADMINCMSCONTENT_DELETE" slug="ROLE_MOD_TAB_ADMINCMSCONTENT_DELETE"/>
    <authorization_role id="TAB_ADMINCONTACTS_CREATE" slug="ROLE_MOD_TAB_ADMINCONTACTS_CREATE"/>
    <authorization_role id="TAB_ADMINCONTACTS_READ" slug="ROLE_MOD_TAB_ADMINCONTACTS_READ"/>
    <authorization_role id="TAB_ADMINCONTACTS_UPDATE" slug="ROLE_MOD_TAB_ADMINCONTACTS_UPDATE"/>
    <authorization_role id="TAB_ADMINCONTACTS_DELETE" slug="ROLE_MOD_TAB_ADMINCONTACTS_DELETE"/>
    <authorization_role id="TAB_ADMINCOUNTRIES_CREATE" slug="ROLE_MOD_TAB_ADMINCOUNTRIES_CREATE"/>
    <authorization_role id="TAB_ADMINCOUNTRIES_READ" slug="ROLE_MOD_TAB_ADMINCOUNTRIES_READ"/>
    <authorization_role id="TAB_ADMINCOUNTRIES_UPDATE" slug="ROLE_MOD_TAB_ADMINCOUNTRIES_UPDATE"/>
    <authorization_role id="TAB_ADMINCOUNTRIES_DELETE" slug="ROLE_MOD_TAB_ADMINCOUNTRIES_DELETE"/>
    <authorization_role id="TAB_ADMINCURRENCIES_CREATE" slug="ROLE_MOD_TAB_ADMINCURRENCIES_CREATE"/>
    <authorization_role id="TAB_ADMINCURRENCIES_READ" slug="ROLE_MOD_TAB_ADMINCURRENCIES_READ"/>
    <authorization_role id="TAB_ADMINCURRENCIES_UPDATE" slug="ROLE_MOD_TAB_ADMINCURRENCIES_UPDATE"/>
    <authorization_role id="TAB_ADMINCURRENCIES_DELETE" slug="ROLE_MOD_TAB_ADMINCURRENCIES_DELETE"/>
    <authorization_role id="TAB_ADMINCUSTOMERPREFERENCES_CREATE" slug="ROLE_MOD_TAB_ADMINCUSTOMERPREFERENCES_CREATE"/>
    <authorization_role id="TAB_ADMINCUSTOMERPREFERENCES_READ" slug="ROLE_MOD_TAB_ADMINCUSTOMERPREFERENCES_READ"/>
    <authorization_role id="TAB_ADMINCUSTOMERPREFERENCES_UPDATE" slug="ROLE_MOD_TAB_ADMINCUSTOMERPREFERENCES_UPDATE"/>
    <authorization_role id="TAB_ADMINCUSTOMERPREFERENCES_DELETE" slug="ROLE_MOD_TAB_ADMINCUSTOMERPREFERENCES_DELETE"/>
    <authorization_role id="TAB_ADMINCUSTOMERS_CREATE" slug="ROLE_MOD_TAB_ADMINCUSTOMERS_CREATE"/>
    <authorization_role id="TAB_ADMINCUSTOMERS_READ" slug="ROLE_MOD_TAB_ADMINCUSTOMERS_READ"/>
    <authorization_role id="TAB_ADMINCUSTOMERS_UPDATE" slug="ROLE_MOD_TAB_ADMINCUSTOMERS_UPDATE"/>
    <authorization_role id="TAB_ADMINCUSTOMERS_DELETE" slug="ROLE_MOD_TAB_ADMINCUSTOMERS_DELETE"/>
    <authorization_role id="TAB_ADMINCUSTOMERTHREADS_CREATE" slug="ROLE_MOD_TAB_ADMINCUSTOMERTHREADS_CREATE"/>
    <authorization_role id="TAB_ADMINCUSTOMERTHREADS_READ" slug="ROLE_MOD_TAB_ADMINCUSTOMERTHREADS_READ"/>
    <authorization_role id="TAB_ADMINCUSTOMERTHREADS_UPDATE" slug="ROLE_MOD_TAB_ADMINCUSTOMERTHREADS_UPDATE"/>
    <authorization_role id="TAB_ADMINCUSTOMERTHREADS_DELETE" slug="ROLE_MOD_TAB_ADMINCUSTOMERTHREADS_DELETE"/>
    <authorization_role id="TAB_ADMINDASHBOARD_CREATE" slug="ROLE_MOD_TAB_ADMINDASHBOARD_CREATE"/>
    <authorization_role id="TAB_ADMINDASHBOARD_READ" slug="ROLE_MOD_TAB_ADMINDASHBOARD_READ"/>
    <authorization_role id="TAB_ADMINDASHBOARD_UPDATE" slug="ROLE_MOD_TAB_ADMINDASHBOARD_UPDATE"/>
    <authorization_role id="TAB_ADMINDASHBOARD_DELETE" slug="ROLE_MOD_TAB_ADMINDASHBOARD_DELETE"/>
    <authorization_role id="TAB_ADMINDELIVERYSLIP_CREATE" slug="ROLE_MOD_TAB_ADMINDELIVERYSLIP_CREATE"/>
    <authorization_role id="TAB_ADMINDELIVERYSLIP_READ" slug="ROLE_MOD_TAB_ADMINDELIVERYSLIP_READ"/>
    <authorization_role id="TAB_ADMINDELIVERYSLIP_UPDATE" slug="ROLE_MOD_TAB_ADMINDELIVERYSLIP_UPDATE"/>
    <authorization_role id="TAB_ADMINDELIVERYSLIP_DELETE" slug="ROLE_MOD_TAB_ADMINDELIVERYSLIP_DELETE"/>
    <authorization_role id="TAB_ADMINEMAILS_CREATE" slug="ROLE_MOD_TAB_ADMINEMAILS_CREATE"/>
    <authorization_role id="TAB_ADMINEMAILS_READ" slug="ROLE_MOD_TAB_ADMINEMAILS_READ"/>
    <authorization_role id="TAB_ADMINEMAILS_UPDATE" slug="ROLE_MOD_TAB_ADMINEMAILS_UPDATE"/>
    <authorization_role id="TAB_ADMINEMAILS_DELETE" slug="ROLE_MOD_TAB_ADMINEMAILS_DELETE"/>
    <authorization_role id="TAB_ADMINEMPLOYEES_CREATE" slug="ROLE_MOD_TAB_ADMINEMPLOYEES_CREATE"/>
    <authorization_role id="TAB_ADMINEMPLOYEES_READ" slug="ROLE_MOD_TAB_ADMINEMPLOYEES_READ"/>
    <authorization_role id="TAB_ADMINEMPLOYEES_UPDATE" slug="ROLE_MOD_TAB_ADMINEMPLOYEES_UPDATE"/>
    <authorization_role id="TAB_ADMINEMPLOYEES_DELETE" slug="ROLE_MOD_TAB_ADMINEMPLOYEES_DELETE"/>
    <authorization_role id="TAB_ADMINFEATURES_CREATE" slug="ROLE_MOD_TAB_ADMINFEATURES_CREATE"/>
    <authorization_role id="TAB_ADMINFEATURES_READ" slug="ROLE_MOD_TAB_ADMINFEATURES_READ"/>
    <authorization_role id="TAB_ADMINFEATURES_UPDATE" slug="ROLE_MOD_TAB_ADMINFEATURES_UPDATE"/>
    <authorization_role id="TAB_ADMINFEATURES_DELETE" slug="ROLE_MOD_TAB_ADMINFEATURES_DELETE"/>
    <authorization_role id="TAB_ADMINGENDERS_CREATE" slug="ROLE_MOD_TAB_ADMINGENDERS_CREATE"/>
    <authorization_role id="TAB_ADMINGENDERS_READ" slug="ROLE_MOD_TAB_ADMINGENDERS_READ"/>
    <authorization_role id="TAB_ADMINGENDERS_UPDATE" slug="ROLE_MOD_TAB_ADMINGENDERS_UPDATE"/>
    <authorization_role id="TAB_ADMINGENDERS_DELETE" slug="ROLE_MOD_TAB_ADMINGENDERS_DELETE"/>
    <authorization_role id="TAB_ADMINGEOLOCATION_CREATE" slug="ROLE_MOD_TAB_ADMINGEOLOCATION_CREATE"/>
    <authorization_role id="TAB_ADMINGEOLOCATION_READ" slug="ROLE_MOD_TAB_ADMINGEOLOCATION_READ"/>
    <authorization_role id="TAB_ADMINGEOLOCATION_UPDATE" slug="ROLE_MOD_TAB_ADMINGEOLOCATION_UPDATE"/>
    <authorization_role id="TAB_ADMINGEOLOCATION_DELETE" slug="ROLE_MOD_TAB_ADMINGEOLOCATION_DELETE"/>
    <authorization_role id="TAB_ADMINGROUPS_CREATE" slug="ROLE_MOD_TAB_ADMINGROUPS_CREATE"/>
    <authorization_role id="TAB_ADMINGROUPS_READ" slug="ROLE_MOD_TAB_ADMINGROUPS_READ"/>
    <authorization_role id="TAB_ADMINGROUPS_UPDATE" slug="ROLE_MOD_TAB_ADMINGROUPS_UPDATE"/>
    <authorization_role id="TAB_ADMINGROUPS_DELETE" slug="ROLE_MOD_TAB_ADMINGROUPS_DELETE"/>
    <authorization_role id="TAB_ADMINIMAGES_CREATE" slug="ROLE_MOD_TAB_ADMINIMAGES_CREATE"/>
    <authorization_role id="TAB_ADMINIMAGES_READ" slug="ROLE_MOD_TAB_ADMINIMAGES_READ"/>
    <authorization_role id="TAB_ADMINIMAGES_UPDATE" slug="ROLE_MOD_TAB_ADMINIMAGES_UPDATE"/>
    <authorization_role id="TAB_ADMINIMAGES_DELETE" slug="ROLE_MOD_TAB_ADMINIMAGES_DELETE"/>
    <authorization_role id="TAB_ADMINIMPORT_CREATE" slug="ROLE_MOD_TAB_ADMINIMPORT_CREATE"/>
    <authorization_role id="TAB_ADMINIMPORT_READ" slug="ROLE_MOD_TAB_ADMINIMPORT_READ"/>
    <authorization_role id="TAB_ADMINIMPORT_UPDATE" slug="ROLE_MOD_TAB_ADMINIMPORT_UPDATE"/>
    <authorization_role id="TAB_ADMINIMPORT_DELETE" slug="ROLE_MOD_TAB_ADMINIMPORT_DELETE"/>
    <authorization_role id="TAB_ADMININFORMATION_CREATE" slug="ROLE_MOD_TAB_ADMININFORMATION_CREATE"/>
    <authorization_role id="TAB_ADMININFORMATION_READ" slug="ROLE_MOD_TAB_ADMININFORMATION_READ"/>
    <authorization_role id="TAB_ADMININFORMATION_UPDATE" slug="ROLE_MOD_TAB_ADMININFORMATION_UPDATE"/>
    <authorization_role id="TAB_ADMININFORMATION_DELETE" slug="ROLE_MOD_TAB_ADMININFORMATION_DELETE"/>
    <authorization_role id="TAB_ADMININTERNATIONAL_CREATE" slug="ROLE_MOD_TAB_ADMININTERNATIONAL_CREATE"/>
    <authorization_role id="TAB_ADMININTERNATIONAL_READ" slug="ROLE_MOD_TAB_ADMININTERNATIONAL_READ"/>
    <authorization_role id="TAB_ADMININTERNATIONAL_UPDATE" slug="ROLE_MOD_TAB_ADMININTERNATIONAL_UPDATE"/>
    <authorization_role id="TAB_ADMININTERNATIONAL_DELETE" slug="ROLE_MOD_TAB_ADMININTERNATIONAL_DELETE"/>
    <authorization_role id="TAB_ADMININVOICES_CREATE" slug="ROLE_MOD_TAB_ADMININVOICES_CREATE"/>
    <authorization_role id="TAB_ADMININVOICES_READ" slug="ROLE_MOD_TAB_ADMININVOICES_READ"/>
    <authorization_role id="TAB_ADMININVOICES_UPDATE" slug="ROLE_MOD_TAB_ADMININVOICES_UPDATE"/>
    <authorization_role id="TAB_ADMININVOICES_DELETE" slug="ROLE_MOD_TAB_ADMININVOICES_DELETE"/>
    <authorization_role id="TAB_ADMINLANGUAGES_CREATE" slug="ROLE_MOD_TAB_ADMINLANGUAGES_CREATE"/>
    <authorization_role id="TAB_ADMINLANGUAGES_READ" slug="ROLE_MOD_TAB_ADMINLANGUAGES_READ"/>
    <authorization_role id="TAB_ADMINLANGUAGES_UPDATE" slug="ROLE_MOD_TAB_ADMINLANGUAGES_UPDATE"/>
    <authorization_role id="TAB_ADMINLANGUAGES_DELETE" slug="ROLE_MOD_TAB_ADMINLANGUAGES_DELETE"/>
    <authorization_role id="TAB_ADMINLINKWIDGET_CREATE" slug="ROLE_MOD_TAB_ADMINLINKWIDGET_CREATE"/>
    <authorization_role id="TAB_ADMINLINKWIDGET_READ" slug="ROLE_MOD_TAB_ADMINLINKWIDGET_READ"/>
    <authorization_role id="TAB_ADMINLINKWIDGET_UPDATE" slug="ROLE_MOD_TAB_ADMINLINKWIDGET_UPDATE"/>
    <authorization_role id="TAB_ADMINLINKWIDGET_DELETE" slug="ROLE_MOD_TAB_ADMINLINKWIDGET_DELETE"/>
    <authorization_role id="TAB_ADMINLOCALIZATION_CREATE" slug="ROLE_MOD_TAB_ADMINLOCALIZATION_CREATE"/>
    <authorization_role id="TAB_ADMINLOCALIZATION_READ" slug="ROLE_MOD_TAB_ADMINLOCALIZATION_READ"/>
    <authorization_role id="TAB_ADMINLOCALIZATION_UPDATE" slug="ROLE_MOD_TAB_ADMINLOCALIZATION_UPDATE"/>
    <authorization_role id="TAB_ADMINLOCALIZATION_DELETE" slug="ROLE_MOD_TAB_ADMINLOCALIZATION_DELETE"/>
    <authorization_role id="TAB_ADMINLOGS_CREATE" slug="ROLE_MOD_TAB_ADMINLOGS_CREATE"/>
    <authorization_role id="TAB_ADMINLOGS_READ" slug="ROLE_MOD_TAB_ADMINLOGS_READ"/>
    <authorization_role id="TAB_ADMINLOGS_UPDATE" slug="ROLE_MOD_TAB_ADMINLOGS_UPDATE"/>
    <authorization_role id="TAB_ADMINLOGS_DELETE" slug="ROLE_MOD_TAB_ADMINLOGS_DELETE"/>
    <authorization_role id="TAB_ADMINMAINTENANCE_CREATE" slug="ROLE_MOD_TAB_ADMINMAINTENANCE_CREATE"/>
    <authorization_role id="TAB_ADMINMAINTENANCE_READ" slug="ROLE_MOD_TAB_ADMINMAINTENANCE_READ"/>
    <authorization_role id="TAB_ADMINMAINTENANCE_UPDATE" slug="ROLE_MOD_TAB_ADMINMAINTENANCE_UPDATE"/>
    <authorization_role id="TAB_ADMINMAINTENANCE_DELETE" slug="ROLE_MOD_TAB_ADMINMAINTENANCE_DELETE"/>
    <authorization_role id="TAB_ADMINMANUFACTURERS_CREATE" slug="ROLE_MOD_TAB_ADMINMANUFACTURERS_CREATE"/>
    <authorization_role id="TAB_ADMINMANUFACTURERS_READ" slug="ROLE_MOD_TAB_ADMINMANUFACTURERS_READ"/>
    <authorization_role id="TAB_ADMINMANUFACTURERS_UPDATE" slug="ROLE_MOD_TAB_ADMINMANUFACTURERS_UPDATE"/>
    <authorization_role id="TAB_ADMINMANUFACTURERS_DELETE" slug="ROLE_MOD_TAB_ADMINMANUFACTURERS_DELETE"/>
    <authorization_role id="TAB_ADMINMETA_CREATE" slug="ROLE_MOD_TAB_ADMINMETA_CREATE"/>
    <authorization_role id="TAB_ADMINMETA_READ" slug="ROLE_MOD_TAB_ADMINMETA_READ"/>
    <authorization_role id="TAB_ADMINMETA_UPDATE" slug="ROLE_MOD_TAB_ADMINMETA_UPDATE"/>
    <authorization_role id="TAB_ADMINMETA_DELETE" slug="ROLE_MOD_TAB_ADMINMETA_DELETE"/>
    <authorization_role id="TAB_ADMINMODULES_CREATE" slug="ROLE_MOD_TAB_ADMINMODULES_CREATE"/>
    <authorization_role id="TAB_ADMINMODULES_READ" slug="ROLE_MOD_TAB_ADMINMODULES_READ"/>
    <authorization_role id="TAB_ADMINMODULES_UPDATE" slug="ROLE_MOD_TAB_ADMINMODULES_UPDATE"/>
    <authorization_role id="TAB_ADMINMODULES_DELETE" slug="ROLE_MOD_TAB_ADMINMODULES_DELETE"/>
    <authorization_role id="TAB_ADMINMODULESPOSITIONS_CREATE" slug="ROLE_MOD_TAB_ADMINMODULESPOSITIONS_CREATE"/>
    <authorization_role id="TAB_ADMINMODULESPOSITIONS_READ" slug="ROLE_MOD_TAB_ADMINMODULESPOSITIONS_READ"/>
    <authorization_role id="TAB_ADMINMODULESPOSITIONS_UPDATE" slug="ROLE_MOD_TAB_ADMINMODULESPOSITIONS_UPDATE"/>
    <authorization_role id="TAB_ADMINMODULESPOSITIONS_DELETE" slug="ROLE_MOD_TAB_ADMINMODULESPOSITIONS_DELETE"/>
    <authorization_role id="TAB_ADMINMODULESUPDATES_CREATE" slug="ROLE_MOD_TAB_ADMINMODULESUPDATES_CREATE"/>
    <authorization_role id="TAB_ADMINMODULESUPDATES_READ" slug="ROLE_MOD_TAB_ADMINMODULESUPDATES_READ"/>
    <authorization_role id="TAB_ADMINMODULESUPDATES_UPDATE" slug="ROLE_MOD_TAB_ADMINMODULESUPDATES_UPDATE"/>
    <authorization_role id="TAB_ADMINMODULESUPDATES_DELETE" slug="ROLE_MOD_TAB_ADMINMODULESUPDATES_DELETE"/>
    <authorization_role id="TAB_ADMINMODULESNOTIFICATIONS_CREATE" slug="ROLE_MOD_TAB_ADMINMODULESNOTIFICATIONS_CREATE"/>
    <authorization_role id="TAB_ADMINMODULESNOTIFICATIONS_READ" slug="ROLE_MOD_TAB_ADMINMODULESNOTIFICATIONS_READ"/>
    <authorization_role id="TAB_ADMINMODULESNOTIFICATIONS_UPDATE" slug="ROLE_MOD_TAB_ADMINMODULESNOTIFICATIONS_UPDATE"/>
    <authorization_role id="TAB_ADMINMODULESNOTIFICATIONS_DELETE" slug="ROLE_MOD_TAB_ADMINMODULESNOTIFICATIONS_DELETE"/>
    <authorization_role id="TAB_ADMINMODULESSF_CREATE" slug="ROLE_MOD_TAB_ADMINMODULESSF_CREATE"/>
    <authorization_role id="TAB_ADMINMODULESSF_READ" slug="ROLE_MOD_TAB_ADMINMODULESSF_READ"/>
    <authorization_role id="TAB_ADMINMODULESSF_UPDATE" slug="ROLE_MOD_TAB_ADMINMODULESSF_UPDATE"/>
    <authorization_role id="TAB_ADMINMODULESSF_DELETE" slug="ROLE_MOD_TAB_ADMINMODULESSF_DELETE"/>
    <authorization_role id="TAB_ADMINORDERMESSAGE_CREATE" slug="ROLE_MOD_TAB_ADMINORDERMESSAGE_CREATE"/>
    <authorization_role id="TAB_ADMINORDERMESSAGE_READ" slug="ROLE_MOD_TAB_ADMINORDERMESSAGE_READ"/>
    <authorization_role id="TAB_ADMINORDERMESSAGE_UPDATE" slug="ROLE_MOD_TAB_ADMINORDERMESSAGE_UPDATE"/>
    <authorization_role id="TAB_ADMINORDERMESSAGE_DELETE" slug="ROLE_MOD_TAB_ADMINORDERMESSAGE_DELETE"/>
    <authorization_role id="TAB_ADMINORDERPREFERENCES_CREATE" slug="ROLE_MOD_TAB_ADMINORDERPREFERENCES_CREATE"/>
    <authorization_role id="TAB_ADMINORDERPREFERENCES_READ" slug="ROLE_MOD_TAB_ADMINORDERPREFERENCES_READ"/>
    <authorization_role id="TAB_ADMINORDERPREFERENCES_UPDATE" slug="ROLE_MOD_TAB_ADMINORDERPREFERENCES_UPDATE"/>
    <authorization_role id="TAB_ADMINORDERPREFERENCES_DELETE" slug="ROLE_MOD_TAB_ADMINORDERPREFERENCES_DELETE"/>
    <authorization_role id="TAB_ADMINORDERS_CREATE" slug="ROLE_MOD_TAB_ADMINORDERS_CREATE"/>
    <authorization_role id="TAB_ADMINORDERS_READ" slug="ROLE_MOD_TAB_ADMINORDERS_READ"/>
    <authorization_role id="TAB_ADMINORDERS_UPDATE" slug="ROLE_MOD_TAB_ADMINORDERS_UPDATE"/>
    <authorization_role id="TAB_ADMINORDERS_DELETE" slug="ROLE_MOD_TAB_ADMINORDERS_DELETE"/>
    <authorization_role id="TAB_ADMINOUTSTANDING_CREATE" slug="ROLE_MOD_TAB_ADMINOUTSTANDING_CREATE"/>
    <authorization_role id="TAB_ADMINOUTSTANDING_READ" slug="ROLE_MOD_TAB_ADMINOUTSTANDING_READ"/>
    <authorization_role id="TAB_ADMINOUTSTANDING_UPDATE" slug="ROLE_MOD_TAB_ADMINOUTSTANDING_UPDATE"/>
    <authorization_role id="TAB_ADMINOUTSTANDING_DELETE" slug="ROLE_MOD_TAB_ADMINOUTSTANDING_DELETE"/>
    <authorization_role id="TAB_ADMINPARENTATTRIBUTESGROUPS_CREATE" slug="ROLE_MOD_TAB_ADMINPARENTATTRIBUTESGROUPS_CREATE"/>
    <authorization_role id="TAB_ADMINPARENTATTRIBUTESGROUPS_READ" slug="ROLE_MOD_TAB_ADMINPARENTATTRIBUTESGROUPS_READ"/>
    <authorization_role id="TAB_ADMINPARENTATTRIBUTESGROUPS_UPDATE" slug="ROLE_MOD_TAB_ADMINPARENTATTRIBUTESGROUPS_UPDATE"/>
    <authorization_role id="TAB_ADMINPARENTATTRIBUTESGROUPS_DELETE" slug="ROLE_MOD_TAB_ADMINPARENTATTRIBUTESGROUPS_DELETE"/>
    <authorization_role id="TAB_ADMINPARENTCARTRULES_CREATE" slug="ROLE_MOD_TAB_ADMINPARENTCARTRULES_CREATE"/>
    <authorization_role id="TAB_ADMINPARENTCARTRULES_READ" slug="ROLE_MOD_TAB_ADMINPARENTCARTRULES_READ"/>
    <authorization_role id="TAB_ADMINPARENTCARTRULES_UPDATE" slug="ROLE_MOD_TAB_ADMINPARENTCARTRULES_UPDATE"/>
    <authorization_role id="TAB_ADMINPARENTCARTRULES_DELETE" slug="ROLE_MOD_TAB_ADMINPARENTCARTRULES_DELETE"/>
    <authorization_role id="TAB_ADMINPARENTCOUNTRIES_CREATE" slug="ROLE_MOD_TAB_ADMINPARENTCOUNTRIES_CREATE"/>
    <authorization_role id="TAB_ADMINPARENTCOUNTRIES_READ" slug="ROLE_MOD_TAB_ADMINPARENTCOUNTRIES_READ"/>
    <authorization_role id="TAB_ADMINPARENTCOUNTRIES_UPDATE" slug="ROLE_MOD_TAB_ADMINPARENTCOUNTRIES_UPDATE"/>
    <authorization_role id="TAB_ADMINPARENTCOUNTRIES_DELETE" slug="ROLE_MOD_TAB_ADMINPARENTCOUNTRIES_DELETE"/>
    <authorization_role id="TAB_ADMINPARENTCUSTOMER_CREATE" slug="ROLE_MOD_TAB_ADMINPARENTCUSTOMER_CREATE"/>
    <authorization_role id="TAB_ADMINPARENTCUSTOMER_READ" slug="ROLE_MOD_TAB_ADMINPARENTCUSTOMER_READ"/>
    <authorization_role id="TAB_ADMINPARENTCUSTOMER_UPDATE" slug="ROLE_MOD_TAB_ADMINPARENTCUSTOMER_UPDATE"/>
    <authorization_role id="TAB_ADMINPARENTCUSTOMER_DELETE" slug="ROLE_MOD_TAB_ADMINPARENTCUSTOMER_DELETE"/>
    <authorization_role id="TAB_ADMINPARENTCUSTOMERPREFERENCES_CREATE" slug="ROLE_MOD_TAB_ADMINPARENTCUSTOMERPREFERENCES_CREATE"/>
    <authorization_role id="TAB_ADMINPARENTCUSTOMERPREFERENCES_READ" slug="ROLE_MOD_TAB_ADMINPARENTCUSTOMERPREFERENCES_READ"/>
    <authorization_role id="TAB_ADMINPARENTCUSTOMERPREFERENCES_UPDATE" slug="ROLE_MOD_TAB_ADMINPARENTCUSTOMERPREFERENCES_UPDATE"/>
    <authorization_role id="TAB_ADMINPARENTCUSTOMERPREFERENCES_DELETE" slug="ROLE_MOD_TAB_ADMINPARENTCUSTOMERPREFERENCES_DELETE"/>
    <authorization_role id="TAB_ADMINPARENTCUSTOMERTHREADS_CREATE" slug="ROLE_MOD_TAB_ADMINPARENTCUSTOMERTHREADS_CREATE"/>
    <authorization_role id="TAB_ADMINPARENTCUSTOMERTHREADS_READ" slug="ROLE_MOD_TAB_ADMINPARENTCUSTOMERTHREADS_READ"/>
    <authorization_role id="TAB_ADMINPARENTCUSTOMERTHREADS_UPDATE" slug="ROLE_MOD_TAB_ADMINPARENTCUSTOMERTHREADS_UPDATE"/>
    <authorization_role id="TAB_ADMINPARENTCUSTOMERTHREADS_DELETE" slug="ROLE_MOD_TAB_ADMINPARENTCUSTOMERTHREADS_DELETE"/>
    <authorization_role id="TAB_ADMINPARENTEMPLOYEES_CREATE" slug="ROLE_MOD_TAB_ADMINPARENTEMPLOYEES_CREATE"/>
    <authorization_role id="TAB_ADMINPARENTEMPLOYEES_READ" slug="ROLE_MOD_TAB_ADMINPARENTEMPLOYEES_READ"/>
    <authorization_role id="TAB_ADMINPARENTEMPLOYEES_UPDATE" slug="ROLE_MOD_TAB_ADMINPARENTEMPLOYEES_UPDATE"/>
    <authorization_role id="TAB_ADMINPARENTEMPLOYEES_DELETE" slug="ROLE_MOD_TAB_ADMINPARENTEMPLOYEES_DELETE"/>
    <authorization_role id="TAB_ADMINPARENTLOCALIZATION_CREATE" slug="ROLE_MOD_TAB_ADMINPARENTLOCALIZATION_CREATE"/>
    <authorization_role id="TAB_ADMINPARENTLOCALIZATION_READ" slug="ROLE_MOD_TAB_ADMINPARENTLOCALIZATION_READ"/>
    <authorization_role id="TAB_ADMINPARENTLOCALIZATION_UPDATE" slug="ROLE_MOD_TAB_ADMINPARENTLOCALIZATION_UPDATE"/>
    <authorization_role id="TAB_ADMINPARENTLOCALIZATION_DELETE" slug="ROLE_MOD_TAB_ADMINPARENTLOCALIZATION_DELETE"/>
    <authorization_role id="TAB_ADMINPARENTMANUFACTURERS_CREATE" slug="ROLE_MOD_TAB_ADMINPARENTMANUFACTURERS_CREATE"/>
    <authorization_role id="TAB_ADMINPARENTMANUFACTURERS_READ" slug="ROLE_MOD_TAB_ADMINPARENTMANUFACTURERS_READ"/>
    <authorization_role id="TAB_ADMINPARENTMANUFACTURERS_UPDATE" slug="ROLE_MOD_TAB_ADMINPARENTMANUFACTURERS_UPDATE"/>
    <authorization_role id="TAB_ADMINPARENTMANUFACTURERS_DELETE" slug="ROLE_MOD_TAB_ADMINPARENTMANUFACTURERS_DELETE"/>
    <authorization_role id="TAB_ADMINPARENTMODULESSF_CREATE" slug="ROLE_MOD_TAB_ADMINPARENTMODULESSF_CREATE"/>
    <authorization_role id="TAB_ADMINPARENTMODULESSF_READ" slug="ROLE_MOD_TAB_ADMINPARENTMODULESSF_READ"/>
    <authorization_role id="TAB_ADMINPARENTMODULESSF_UPDATE" slug="ROLE_MOD_TAB_ADMINPARENTMODULESSF_UPDATE"/>
    <authorization_role id="TAB_ADMINPARENTMODULESSF_DELETE" slug="ROLE_MOD_TAB_ADMINPARENTMODULESSF_DELETE"/>
    <authorization_role id="TAB_ADMINPARENTMETA_CREATE" slug="ROLE_MOD_TAB_ADMINPARENTMETA_CREATE"/>
    <authorization_role id="TAB_ADMINPARENTMETA_READ" slug="ROLE_MOD_TAB_ADMINPARENTMETA_READ"/>
    <authorization_role id="TAB_ADMINPARENTMETA_UPDATE" slug="ROLE_MOD_TAB_ADMINPARENTMETA_UPDATE"/>
    <authorization_role id="TAB_ADMINPARENTMETA_DELETE" slug="ROLE_MOD_TAB_ADMINPARENTMETA_DELETE"/>
    <authorization_role id="TAB_ADMINPARENTMODULES_CREATE" slug="ROLE_MOD_TAB_ADMINPARENTMODULES_CREATE"/>
    <authorization_role id="TAB_ADMINPARENTMODULES_READ" slug="ROLE_MOD_TAB_ADMINPARENTMODULES_READ"/>
    <authorization_role id="TAB_ADMINPARENTMODULES_UPDATE" slug="ROLE_MOD_TAB_ADMINPARENTMODULES_UPDATE"/>
    <authorization_role id="TAB_ADMINPARENTMODULES_DELETE" slug="ROLE_MOD_TAB_ADMINPARENTMODULES_DELETE"/>
    <authorization_role id="TAB_ADMINPARENTORDERPREFERENCES_CREATE" slug="ROLE_MOD_TAB_ADMINPARENTORDERPREFERENCES_CREATE"/>
    <authorization_role id="TAB_ADMINPARENTORDERPREFERENCES_READ" slug="ROLE_MOD_TAB_ADMINPARENTORDERPREFERENCES_READ"/>
    <authorization_role id="TAB_ADMINPARENTORDERPREFERENCES_UPDATE" slug="ROLE_MOD_TAB_ADMINPARENTORDERPREFERENCES_UPDATE"/>
    <authorization_role id="TAB_ADMINPARENTORDERPREFERENCES_DELETE" slug="ROLE_MOD_TAB_ADMINPARENTORDERPREFERENCES_DELETE"/>
    <authorization_role id="TAB_ADMINPARENTORDERS_CREATE" slug="ROLE_MOD_TAB_ADMINPARENTORDERS_CREATE"/>
    <authorization_role id="TAB_ADMINPARENTORDERS_READ" slug="ROLE_MOD_TAB_ADMINPARENTORDERS_READ"/>
    <authorization_role id="TAB_ADMINPARENTORDERS_UPDATE" slug="ROLE_MOD_TAB_ADMINPARENTORDERS_UPDATE"/>
    <authorization_role id="TAB_ADMINPARENTORDERS_DELETE" slug="ROLE_MOD_TAB_ADMINPARENTORDERS_DELETE"/>
    <authorization_role id="TAB_ADMINPARENTPAYMENT_CREATE" slug="ROLE_MOD_TAB_ADMINPARENTPAYMENT_CREATE"/>
    <authorization_role id="TAB_ADMINPARENTPAYMENT_READ" slug="ROLE_MOD_TAB_ADMINPARENTPAYMENT_READ"/>
    <authorization_role id="TAB_ADMINPARENTPAYMENT_UPDATE" slug="ROLE_MOD_TAB_ADMINPARENTPAYMENT_UPDATE"/>
    <authorization_role id="TAB_ADMINPARENTPAYMENT_DELETE" slug="ROLE_MOD_TAB_ADMINPARENTPAYMENT_DELETE"/>
    <authorization_role id="TAB_ADMINPARENTPREFERENCES_CREATE" slug="ROLE_MOD_TAB_ADMINPARENTPREFERENCES_CREATE"/>
    <authorization_role id="TAB_ADMINPARENTPREFERENCES_READ" slug="ROLE_MOD_TAB_ADMINPARENTPREFERENCES_READ"/>
    <authorization_role id="TAB_ADMINPARENTPREFERENCES_UPDATE" slug="ROLE_MOD_TAB_ADMINPARENTPREFERENCES_UPDATE"/>
    <authorization_role id="TAB_ADMINPARENTPREFERENCES_DELETE" slug="ROLE_MOD_TAB_ADMINPARENTPREFERENCES_DELETE"/>
    <authorization_role id="TAB_ADMINPARENTREQUESTSQL_CREATE" slug="ROLE_MOD_TAB_ADMINPARENTREQUESTSQL_CREATE"/>
    <authorization_role id="TAB_ADMINPARENTREQUESTSQL_READ" slug="ROLE_MOD_TAB_ADMINPARENTREQUESTSQL_READ"/>
    <authorization_role id="TAB_ADMINPARENTREQUESTSQL_UPDATE" slug="ROLE_MOD_TAB_ADMINPARENTREQUESTSQL_UPDATE"/>
    <authorization_role id="TAB_ADMINPARENTREQUESTSQL_DELETE" slug="ROLE_MOD_TAB_ADMINPARENTREQUESTSQL_DELETE"/>
    <authorization_role id="TAB_ADMINPARENTSEARCHCONF_CREATE" slug="ROLE_MOD_TAB_ADMINPARENTSEARCHCONF_CREATE"/>
    <authorization_role id="TAB_ADMINPARENTSEARCHCONF_READ" slug="ROLE_MOD_TAB_ADMINPARENTSEARCHCONF_READ"/>
    <authorization_role id="TAB_ADMINPARENTSEARCHCONF_UPDATE" slug="ROLE_MOD_TAB_ADMINPARENTSEARCHCONF_UPDATE"/>
    <authorization_role id="TAB_ADMINPARENTSEARCHCONF_DELETE" slug="ROLE_MOD_TAB_ADMINPARENTSEARCHCONF_DELETE"/>
    <authorization_role id="TAB_ADMINPARENTSHIPPING_CREATE" slug="ROLE_MOD_TAB_ADMINPARENTSHIPPING_CREATE"/>
    <authorization_role id="TAB_ADMINPARENTSHIPPING_READ" slug="ROLE_MOD_TAB_ADMINPARENTSHIPPING_READ"/>
    <authorization_role id="TAB_ADMINPARENTSHIPPING_UPDATE" slug="ROLE_MOD_TAB_ADMINPARENTSHIPPING_UPDATE"/>
    <authorization_role id="TAB_ADMINPARENTSHIPPING_DELETE" slug="ROLE_MOD_TAB_ADMINPARENTSHIPPING_DELETE"/>
    <authorization_role id="TAB_ADMINPARENTSTOCKMANAGEMENT_CREATE" slug="ROLE_MOD_TAB_ADMINPARENTSTOCKMANAGEMENT_CREATE"/>
    <authorization_role id="TAB_ADMINPARENTSTOCKMANAGEMENT_READ" slug="ROLE_MOD_TAB_ADMINPARENTSTOCKMANAGEMENT_READ"/>
    <authorization_role id="TAB_ADMINPARENTSTOCKMANAGEMENT_UPDATE" slug="ROLE_MOD_TAB_ADMINPARENTSTOCKMANAGEMENT_UPDATE"/>
    <authorization_role id="TAB_ADMINPARENTSTOCKMANAGEMENT_DELETE" slug="ROLE_MOD_TAB_ADMINPARENTSTOCKMANAGEMENT_DELETE"/>
    <authorization_role id="TAB_ADMINPARENTSTORES_CREATE" slug="ROLE_MOD_TAB_ADMINPARENTSTORES_CREATE"/>
    <authorization_role id="TAB_ADMINPARENTSTORES_READ" slug="ROLE_MOD_TAB_ADMINPARENTSTORES_READ"/>
    <authorization_role id="TAB_ADMINPARENTSTORES_UPDATE" slug="ROLE_MOD_TAB_ADMINPARENTSTORES_UPDATE"/>
    <authorization_role id="TAB_ADMINPARENTSTORES_DELETE" slug="ROLE_MOD_TAB_ADMINPARENTSTORES_DELETE"/>
    <authorization_role id="TAB_ADMINPARENTTAXES_CREATE" slug="ROLE_MOD_TAB_ADMINPARENTTAXES_CREATE"/>
    <authorization_role id="TAB_ADMINPARENTTAXES_READ" slug="ROLE_MOD_TAB_ADMINPARENTTAXES_READ"/>
    <authorization_role id="TAB_ADMINPARENTTAXES_UPDATE" slug="ROLE_MOD_TAB_ADMINPARENTTAXES_UPDATE"/>
    <authorization_role id="TAB_ADMINPARENTTAXES_DELETE" slug="ROLE_MOD_TAB_ADMINPARENTTAXES_DELETE"/>
    <authorization_role id="TAB_ADMINPARENTTHEMES_CREATE" slug="ROLE_MOD_TAB_ADMINPARENTTHEMES_CREATE"/>
    <authorization_role id="TAB_ADMINPARENTTHEMES_READ" slug="ROLE_MOD_TAB_ADMINPARENTTHEMES_READ"/>
    <authorization_role id="TAB_ADMINPARENTTHEMES_UPDATE" slug="ROLE_MOD_TAB_ADMINPARENTTHEMES_UPDATE"/>
    <authorization_role id="TAB_ADMINPARENTTHEMES_DELETE" slug="ROLE_MOD_TAB_ADMINPARENTTHEMES_DELETE"/>
    <authorization_role id="TAB_ADMINPAYMENT_CREATE" slug="ROLE_MOD_TAB_ADMINPAYMENT_CREATE"/>
    <authorization_role id="TAB_ADMINPAYMENT_READ" slug="ROLE_MOD_TAB_ADMINPAYMENT_READ"/>
    <authorization_role id="TAB_ADMINPAYMENT_UPDATE" slug="ROLE_MOD_TAB_ADMINPAYMENT_UPDATE"/>
    <authorization_role id="TAB_ADMINPAYMENT_DELETE" slug="ROLE_MOD_TAB_ADMINPAYMENT_DELETE"/>
    <authorization_role id="TAB_ADMINPAYMENTPREFERENCES_CREATE" slug="ROLE_MOD_TAB_ADMINPAYMENTPREFERENCES_CREATE"/>
    <authorization_role id="TAB_ADMINPAYMENTPREFERENCES_READ" slug="ROLE_MOD_TAB_ADMINPAYMENTPREFERENCES_READ"/>
    <authorization_role id="TAB_ADMINPAYMENTPREFERENCES_UPDATE" slug="ROLE_MOD_TAB_ADMINPAYMENTPREFERENCES_UPDATE"/>
    <authorization_role id="TAB_ADMINPAYMENTPREFERENCES_DELETE" slug="ROLE_MOD_TAB_ADMINPAYMENTPREFERENCES_DELETE"/>
    <authorization_role id="TAB_ADMINPERFORMANCE_CREATE" slug="ROLE_MOD_TAB_ADMINPERFORMANCE_CREATE"/>
    <authorization_role id="TAB_ADMINPERFORMANCE_READ" slug="ROLE_MOD_TAB_ADMINPERFORMANCE_READ"/>
    <authorization_role id="TAB_ADMINPERFORMANCE_UPDATE" slug="ROLE_MOD_TAB_ADMINPERFORMANCE_UPDATE"/>
    <authorization_role id="TAB_ADMINPERFORMANCE_DELETE" slug="ROLE_MOD_TAB_ADMINPERFORMANCE_DELETE"/>
    <authorization_role id="TAB_ADMINPPREFERENCES_CREATE" slug="ROLE_MOD_TAB_ADMINPPREFERENCES_CREATE"/>
    <authorization_role id="TAB_ADMINPPREFERENCES_READ" slug="ROLE_MOD_TAB_ADMINPPREFERENCES_READ"/>
    <authorization_role id="TAB_ADMINPPREFERENCES_UPDATE" slug="ROLE_MOD_TAB_ADMINPPREFERENCES_UPDATE"/>
    <authorization_role id="TAB_ADMINPPREFERENCES_DELETE" slug="ROLE_MOD_TAB_ADMINPPREFERENCES_DELETE"/>
    <authorization_role id="TAB_ADMINPREFERENCES_CREATE" slug="ROLE_MOD_TAB_ADMINPREFERENCES_CREATE"/>
    <authorization_role id="TAB_ADMINPREFERENCES_READ" slug="ROLE_MOD_TAB_ADMINPREFERENCES_READ"/>
    <authorization_role id="TAB_ADMINPREFERENCES_UPDATE" slug="ROLE_MOD_TAB_ADMINPREFERENCES_UPDATE"/>
    <authorization_role id="TAB_ADMINPREFERENCES_DELETE" slug="ROLE_MOD_TAB_ADMINPREFERENCES_DELETE"/>
    <authorization_role id="TAB_ADMINPRODUCTS_CREATE" slug="ROLE_MOD_TAB_ADMINPRODUCTS_CREATE"/>
    <authorization_role id="TAB_ADMINPRODUCTS_READ" slug="ROLE_MOD_TAB_ADMINPRODUCTS_READ"/>
    <authorization_role id="TAB_ADMINPRODUCTS_UPDATE" slug="ROLE_MOD_TAB_ADMINPRODUCTS_UPDATE"/>
    <authorization_role id="TAB_ADMINPRODUCTS_DELETE" slug="ROLE_MOD_TAB_ADMINPRODUCTS_DELETE"/>
    <authorization_role id="TAB_ADMINPROFILES_CREATE" slug="ROLE_MOD_TAB_ADMINPROFILES_CREATE"/>
    <authorization_role id="TAB_ADMINPROFILES_READ" slug="ROLE_MOD_TAB_ADMINPROFILES_READ"/>
    <authorization_role id="TAB_ADMINPROFILES_UPDATE" slug="ROLE_MOD_TAB_ADMINPROFILES_UPDATE"/>
    <authorization_role id="TAB_ADMINPROFILES_DELETE" slug="ROLE_MOD_TAB_ADMINPROFILES_DELETE"/>
    <authorization_role id="TAB_ADMINREQUESTSQL_CREATE" slug="ROLE_MOD_TAB_ADMINREQUESTSQL_CREATE"/>
    <authorization_role id="TAB_ADMINREQUESTSQL_READ" slug="ROLE_MOD_TAB_ADMINREQUESTSQL_READ"/>
    <authorization_role id="TAB_ADMINREQUESTSQL_UPDATE" slug="ROLE_MOD_TAB_ADMINREQUESTSQL_UPDATE"/>
    <authorization_role id="TAB_ADMINREQUESTSQL_DELETE" slug="ROLE_MOD_TAB_ADMINREQUESTSQL_DELETE"/>
    <authorization_role id="TAB_ADMINRETURN_CREATE" slug="ROLE_MOD_TAB_ADMINRETURN_CREATE"/>
    <authorization_role id="TAB_ADMINRETURN_READ" slug="ROLE_MOD_TAB_ADMINRETURN_READ"/>
    <authorization_role id="TAB_ADMINRETURN_UPDATE" slug="ROLE_MOD_TAB_ADMINRETURN_UPDATE"/>
    <authorization_role id="TAB_ADMINRETURN_DELETE" slug="ROLE_MOD_TAB_ADMINRETURN_DELETE"/>
    <authorization_role id="TAB_ADMINSEARCHCONF_CREATE" slug="ROLE_MOD_TAB_ADMINSEARCHCONF_CREATE"/>
    <authorization_role id="TAB_ADMINSEARCHCONF_READ" slug="ROLE_MOD_TAB_ADMINSEARCHCONF_READ"/>
    <authorization_role id="TAB_ADMINSEARCHCONF_UPDATE" slug="ROLE_MOD_TAB_ADMINSEARCHCONF_UPDATE"/>
    <authorization_role id="TAB_ADMINSEARCHCONF_DELETE" slug="ROLE_MOD_TAB_ADMINSEARCHCONF_DELETE"/>
    <authorization_role id="TAB_ADMINSEARCHENGINES_CREATE" slug="ROLE_MOD_TAB_ADMINSEARCHENGINES_CREATE"/>
    <authorization_role id="TAB_ADMINSEARCHENGINES_READ" slug="ROLE_MOD_TAB_ADMINSEARCHENGINES_READ"/>
    <authorization_role id="TAB_ADMINSEARCHENGINES_UPDATE" slug="ROLE_MOD_TAB_ADMINSEARCHENGINES_UPDATE"/>
    <authorization_role id="TAB_ADMINSEARCHENGINES_DELETE" slug="ROLE_MOD_TAB_ADMINSEARCHENGINES_DELETE"/>
    <authorization_role id="TAB_ADMINSHIPPING_CREATE" slug="ROLE_MOD_TAB_ADMINSHIPPING_CREATE"/>
    <authorization_role id="TAB_ADMINSHIPPING_READ" slug="ROLE_MOD_TAB_ADMINSHIPPING_READ"/>
    <authorization_role id="TAB_ADMINSHIPPING_UPDATE" slug="ROLE_MOD_TAB_ADMINSHIPPING_UPDATE"/>
    <authorization_role id="TAB_ADMINSHIPPING_DELETE" slug="ROLE_MOD_TAB_ADMINSHIPPING_DELETE"/>
    <authorization_role id="TAB_ADMINSHOPGROUP_CREATE" slug="ROLE_MOD_TAB_ADMINSHOPGROUP_CREATE"/>
    <authorization_role id="TAB_ADMINSHOPGROUP_READ" slug="ROLE_MOD_TAB_ADMINSHOPGROUP_READ"/>
    <authorization_role id="TAB_ADMINSHOPGROUP_UPDATE" slug="ROLE_MOD_TAB_ADMINSHOPGROUP_UPDATE"/>
    <authorization_role id="TAB_ADMINSHOPGROUP_DELETE" slug="ROLE_MOD_TAB_ADMINSHOPGROUP_DELETE"/>
    <authorization_role id="TAB_ADMINSHOPURL_CREATE" slug="ROLE_MOD_TAB_ADMINSHOPURL_CREATE"/>
    <authorization_role id="TAB_ADMINSHOPURL_READ" slug="ROLE_MOD_TAB_ADMINSHOPURL_READ"/>
    <authorization_role id="TAB_ADMINSHOPURL_UPDATE" slug="ROLE_MOD_TAB_ADMINSHOPURL_UPDATE"/>
    <authorization_role id="TAB_ADMINSHOPURL_DELETE" slug="ROLE_MOD_TAB_ADMINSHOPURL_DELETE"/>
    <authorization_role id="TAB_ADMINSLIP_CREATE" slug="ROLE_MOD_TAB_ADMINSLIP_CREATE"/>
    <authorization_role id="TAB_ADMINSLIP_READ" slug="ROLE_MOD_TAB_ADMINSLIP_READ"/>
    <authorization_role id="TAB_ADMINSLIP_UPDATE" slug="ROLE_MOD_TAB_ADMINSLIP_UPDATE"/>
    <authorization_role id="TAB_ADMINSLIP_DELETE" slug="ROLE_MOD_TAB_ADMINSLIP_DELETE"/>
    <authorization_role id="TAB_ADMINSPECIFICPRICERULE_CREATE" slug="ROLE_MOD_TAB_ADMINSPECIFICPRICERULE_CREATE"/>
    <authorization_role id="TAB_ADMINSPECIFICPRICERULE_READ" slug="ROLE_MOD_TAB_ADMINSPECIFICPRICERULE_READ"/>
    <authorization_role id="TAB_ADMINSPECIFICPRICERULE_UPDATE" slug="ROLE_MOD_TAB_ADMINSPECIFICPRICERULE_UPDATE"/>
    <authorization_role id="TAB_ADMINSPECIFICPRICERULE_DELETE" slug="ROLE_MOD_TAB_ADMINSPECIFICPRICERULE_DELETE"/>
    <authorization_role id="TAB_ADMINSTATES_CREATE" slug="ROLE_MOD_TAB_ADMINSTATES_CREATE"/>
    <authorization_role id="TAB_ADMINSTATES_READ" slug="ROLE_MOD_TAB_ADMINSTATES_READ"/>
    <authorization_role id="TAB_ADMINSTATES_UPDATE" slug="ROLE_MOD_TAB_ADMINSTATES_UPDATE"/>
    <authorization_role id="TAB_ADMINSTATES_DELETE" slug="ROLE_MOD_TAB_ADMINSTATES_DELETE"/>
    <authorization_role id="TAB_ADMINSTATS_CREATE" slug="ROLE_MOD_TAB_ADMINSTATS_CREATE"/>
    <authorization_role id="TAB_ADMINSTATS_READ" slug="ROLE_MOD_TAB_ADMINSTATS_READ"/>
    <authorization_role id="TAB_ADMINSTATS_UPDATE" slug="ROLE_MOD_TAB_ADMINSTATS_UPDATE"/>
    <authorization_role id="TAB_ADMINSTATS_DELETE" slug="ROLE_MOD_TAB_ADMINSTATS_DELETE"/>
    <authorization_role id="TAB_ADMINSTATUSES_CREATE" slug="ROLE_MOD_TAB_ADMINSTATUSES_CREATE"/>
    <authorization_role id="TAB_ADMINSTATUSES_READ" slug="ROLE_MOD_TAB_ADMINSTATUSES_READ"/>
    <authorization_role id="TAB_ADMINSTATUSES_UPDATE" slug="ROLE_MOD_TAB_ADMINSTATUSES_UPDATE"/>
    <authorization_role id="TAB_ADMINSTATUSES_DELETE" slug="ROLE_MOD_TAB_ADMINSTATUSES_DELETE"/>
    <authorization_role id="TAB_ADMINSTOCK_CREATE" slug="ROLE_MOD_TAB_ADMINSTOCK_CREATE"/>
    <authorization_role id="TAB_ADMINSTOCK_READ" slug="ROLE_MOD_TAB_ADMINSTOCK_READ"/>
    <authorization_role id="TAB_ADMINSTOCK_UPDATE" slug="ROLE_MOD_TAB_ADMINSTOCK_UPDATE"/>
    <authorization_role id="TAB_ADMINSTOCK_DELETE" slug="ROLE_MOD_TAB_ADMINSTOCK_DELETE"/>
    <authorization_role id="TAB_ADMINSTOCKMANAGEMENT_CREATE" slug="ROLE_MOD_TAB_ADMINSTOCKMANAGEMENT_CREATE"/>
    <authorization_role id="TAB_ADMINSTOCKMANAGEMENT_READ" slug="ROLE_MOD_TAB_ADMINSTOCKMANAGEMENT_READ"/>
    <authorization_role id="TAB_ADMINSTOCKMANAGEMENT_UPDATE" slug="ROLE_MOD_TAB_ADMINSTOCKMANAGEMENT_UPDATE"/>
    <authorization_role id="TAB_ADMINSTOCKMANAGEMENT_DELETE" slug="ROLE_MOD_TAB_ADMINSTOCKMANAGEMENT_DELETE"/>
    <authorization_role id="TAB_ADMINSTORES_CREATE" slug="ROLE_MOD_TAB_ADMINSTORES_CREATE"/>
    <authorization_role id="TAB_ADMINSTORES_READ" slug="ROLE_MOD_TAB_ADMINSTORES_READ"/>
    <authorization_role id="TAB_ADMINSTORES_UPDATE" slug="ROLE_MOD_TAB_ADMINSTORES_UPDATE"/>
    <authorization_role id="TAB_ADMINSTORES_DELETE" slug="ROLE_MOD_TAB_ADMINSTORES_DELETE"/>
    <authorization_role id="TAB_ADMINSUPPLIERS_CREATE" slug="ROLE_MOD_TAB_ADMINSUPPLIERS_CREATE"/>
    <authorization_role id="TAB_ADMINSUPPLIERS_READ" slug="ROLE_MOD_TAB_ADMINSUPPLIERS_READ"/>
    <authorization_role id="TAB_ADMINSUPPLIERS_UPDATE" slug="ROLE_MOD_TAB_ADMINSUPPLIERS_UPDATE"/>
    <authorization_role id="TAB_ADMINSUPPLIERS_DELETE" slug="ROLE_MOD_TAB_ADMINSUPPLIERS_DELETE"/>
    <authorization_role id="TAB_ADMINTAGS_CREATE" slug="ROLE_MOD_TAB_ADMINTAGS_CREATE"/>
    <authorization_role id="TAB_ADMINTAGS_READ" slug="ROLE_MOD_TAB_ADMINTAGS_READ"/>
    <authorization_role id="TAB_ADMINTAGS_UPDATE" slug="ROLE_MOD_TAB_ADMINTAGS_UPDATE"/>
    <authorization_role id="TAB_ADMINTAGS_DELETE" slug="ROLE_MOD_TAB_ADMINTAGS_DELETE"/>
    <authorization_role id="TAB_ADMINTAXES_CREATE" slug="ROLE_MOD_TAB_ADMINTAXES_CREATE"/>
    <authorization_role id="TAB_ADMINTAXES_READ" slug="ROLE_MOD_TAB_ADMINTAXES_READ"/>
    <authorization_role id="TAB_ADMINTAXES_UPDATE" slug="ROLE_MOD_TAB_ADMINTAXES_UPDATE"/>
    <authorization_role id="TAB_ADMINTAXES_DELETE" slug="ROLE_MOD_TAB_ADMINTAXES_DELETE"/>
    <authorization_role id="TAB_ADMINTAXRULESGROUP_CREATE" slug="ROLE_MOD_TAB_ADMINTAXRULESGROUP_CREATE"/>
    <authorization_role id="TAB_ADMINTAXRULESGROUP_READ" slug="ROLE_MOD_TAB_ADMINTAXRULESGROUP_READ"/>
    <authorization_role id="TAB_ADMINTAXRULESGROUP_UPDATE" slug="ROLE_MOD_TAB_ADMINTAXRULESGROUP_UPDATE"/>
    <authorization_role id="TAB_ADMINTAXRULESGROUP_DELETE" slug="ROLE_MOD_TAB_ADMINTAXRULESGROUP_DELETE"/>
    <authorization_role id="TAB_ADMINTHEMES_CREATE" slug="ROLE_MOD_TAB_ADMINTHEMES_CREATE"/>
    <authorization_role id="TAB_ADMINTHEMES_READ" slug="ROLE_MOD_TAB_ADMINTHEMES_READ"/>
    <authorization_role id="TAB_ADMINTHEMES_UPDATE" slug="ROLE_MOD_TAB_ADMINTHEMES_UPDATE"/>
    <authorization_role id="TAB_ADMINTHEMES_DELETE" slug="ROLE_MOD_TAB_ADMINTHEMES_DELETE"/>
    <authorization_role id="TAB_ADMINTRACKING_CREATE" slug="ROLE_MOD_TAB_ADMINTRACKING_CREATE"/>
    <authorization_role id="TAB_ADMINTRACKING_READ" slug="ROLE_MOD_TAB_ADMINTRACKING_READ"/>
    <authorization_role id="TAB_ADMINTRACKING_UPDATE" slug="ROLE_MOD_TAB_ADMINTRACKING_UPDATE"/>
    <authorization_role id="TAB_ADMINTRACKING_DELETE" slug="ROLE_MOD_TAB_ADMINTRACKING_DELETE"/>
    <authorization_role id="TAB_ADMINTRANSLATIONS_CREATE" slug="ROLE_MOD_TAB_ADMINTRANSLATIONS_CREATE"/>
    <authorization_role id="TAB_ADMINTRANSLATIONS_READ" slug="ROLE_MOD_TAB_ADMINTRANSLATIONS_READ"/>
    <authorization_role id="TAB_ADMINTRANSLATIONS_UPDATE" slug="ROLE_MOD_TAB_ADMINTRANSLATIONS_UPDATE"/>
    <authorization_role id="TAB_ADMINTRANSLATIONS_DELETE" slug="ROLE_MOD_TAB_ADMINTRANSLATIONS_DELETE"/>
    <authorization_role id="TAB_ADMINWAREHOUSES_CREATE" slug="ROLE_MOD_TAB_ADMINWAREHOUSES_CREATE"/>
    <authorization_role id="TAB_ADMINWAREHOUSES_READ" slug="ROLE_MOD_TAB_ADMINWAREHOUSES_READ"/>
    <authorization_role id="TAB_ADMINWAREHOUSES_UPDATE" slug="ROLE_MOD_TAB_ADMINWAREHOUSES_UPDATE"/>
    <authorization_role id="TAB_ADMINWAREHOUSES_DELETE" slug="ROLE_MOD_TAB_ADMINWAREHOUSES_DELETE"/>
    <authorization_role id="TAB_ADMINWEBSERVICE_CREATE" slug="ROLE_MOD_TAB_ADMINWEBSERVICE_CREATE"/>
    <authorization_role id="TAB_ADMINWEBSERVICE_READ" slug="ROLE_MOD_TAB_ADMINWEBSERVICE_READ"/>
    <authorization_role id="TAB_ADMINWEBSERVICE_UPDATE" slug="ROLE_MOD_TAB_ADMINWEBSERVICE_UPDATE"/>
    <authorization_role id="TAB_ADMINWEBSERVICE_DELETE" slug="ROLE_MOD_TAB_ADMINWEBSERVICE_DELETE"/>
    <authorization_role id="TAB_ADMINZONES_CREATE" slug="ROLE_MOD_TAB_ADMINZONES_CREATE"/>
    <authorization_role id="TAB_ADMINZONES_READ" slug="ROLE_MOD_TAB_ADMINZONES_READ"/>
    <authorization_role id="TAB_ADMINZONES_UPDATE" slug="ROLE_MOD_TAB_ADMINZONES_UPDATE"/>
    <authorization_role id="TAB_ADMINZONES_DELETE" slug="ROLE_MOD_TAB_ADMINZONES_DELETE"/>
    <authorization_role id="TAB_CONFIGURE_CREATE" slug="ROLE_MOD_TAB_CONFIGURE_CREATE"/>
    <authorization_role id="TAB_CONFIGURE_READ" slug="ROLE_MOD_TAB_CONFIGURE_READ"/>
    <authorization_role id="TAB_CONFIGURE_UPDATE" slug="ROLE_MOD_TAB_CONFIGURE_UPDATE"/>
    <authorization_role id="TAB_CONFIGURE_DELETE" slug="ROLE_MOD_TAB_CONFIGURE_DELETE"/>
    <authorization_role id="TAB_IMPROVE_CREATE" slug="ROLE_MOD_TAB_IMPROVE_CREATE"/>
    <authorization_role id="TAB_IMPROVE_READ" slug="ROLE_MOD_TAB_IMPROVE_READ"/>
    <authorization_role id="TAB_IMPROVE_UPDATE" slug="ROLE_MOD_TAB_IMPROVE_UPDATE"/>
    <authorization_role id="TAB_IMPROVE_DELETE" slug="ROLE_MOD_TAB_IMPROVE_DELETE"/>
    <authorization_role id="TAB_SELL_CREATE" slug="ROLE_MOD_TAB_SELL_CREATE"/>
    <authorization_role id="TAB_SELL_READ" slug="ROLE_MOD_TAB_SELL_READ"/>
    <authorization_role id="TAB_SELL_UPDATE" slug="ROLE_MOD_TAB_SELL_UPDATE"/>
    <authorization_role id="TAB_SELL_DELETE" slug="ROLE_MOD_TAB_SELL_DELETE"/>
    <authorization_role id="TAB_SHOPPARAMETERS_CREATE" slug="ROLE_MOD_TAB_SHOPPARAMETERS_CREATE"/>
    <authorization_role id="TAB_SHOPPARAMETERS_READ" slug="ROLE_MOD_TAB_SHOPPARAMETERS_READ"/>
    <authorization_role id="TAB_SHOPPARAMETERS_UPDATE" slug="ROLE_MOD_TAB_SHOPPARAMETERS_UPDATE"/>
    <authorization_role id="TAB_SHOPPARAMETERS_DELETE" slug="ROLE_MOD_TAB_SHOPPARAMETERS_DELETE"/>
    <authorization_role id="TAB_ADMINPARENTMAILTHEME_CREATE" slug="ROLE_MOD_TAB_ADMINPARENTMAILTHEME_CREATE"/>
    <authorization_role id="TAB_ADMINPARENTMAILTHEME_READ" slug="ROLE_MOD_TAB_ADMINPARENTMAILTHEME_READ"/>
    <authorization_role id="TAB_ADMINPARENTMAILTHEME_UPDATE" slug="ROLE_MOD_TAB_ADMINPARENTMAILTHEME_UPDATE"/>
    <authorization_role id="TAB_ADMINPARENTMAILTHEME_DELETE" slug="ROLE_MOD_TAB_ADMINPARENTMAILTHEME_DELETE"/>
    <authorization_role id="TAB_ADMINMAILTHEME_CREATE" slug="ROLE_MOD_TAB_ADMINMAILTHEME_CREATE"/>
    <authorization_role id="TAB_ADMINMAILTHEME_READ" slug="ROLE_MOD_TAB_ADMINMAILTHEME_READ"/>
    <authorization_role id="TAB_ADMINMAILTHEME_UPDATE" slug="ROLE_MOD_TAB_ADMINMAILTHEME_UPDATE"/>
    <authorization_role id="TAB_ADMINMAILTHEME_DELETE" slug="ROLE_MOD_TAB_ADMINMAILTHEME_DELETE"/>
    <authorization_role id="TAB_ADMINMODULESMANAGE_CREATE" slug="ROLE_MOD_TAB_ADMINMODULESMANAGE_CREATE"/>
    <authorization_role id="TAB_ADMINMODULESMANAGE_READ" slug="ROLE_MOD_TAB_ADMINMODULESMANAGE_READ"/>
    <authorization_role id="TAB_ADMINMODULESMANAGE_UPDATE" slug="ROLE_MOD_TAB_ADMINMODULESMANAGE_UPDATE"/>
    <authorization_role id="TAB_ADMINMODULESMANAGE_DELETE" slug="ROLE_MOD_TAB_ADMINMODULESMANAGE_DELETE"/>
    <authorization_role id="TAB_ADMINFEATUREFLAG_CREATE" slug="ROLE_MOD_TAB_ADMINFEATUREFLAG_CREATE"/>
    <authorization_role id="TAB_ADMINFEATUREFLAG_READ" slug="ROLE_MOD_TAB_ADMINFEATUREFLAG_READ"/>
    <authorization_role id="TAB_ADMINFEATUREFLAG_UPDATE" slug="ROLE_MOD_TAB_ADMINFEATUREFLAG_UPDATE"/>
    <authorization_role id="TAB_ADMINFEATUREFLAG_DELETE" slug="ROLE_MOD_TAB_ADMINFEATUREFLAG_DELETE"/>
    <authorization_role id="TAB_ADMINPARENTSECURITY_CREATE" slug="ROLE_MOD_TAB_ADMINPARENTSECURITY_CREATE"/>
    <authorization_role id="TAB_ADMINPARENTSECURITY_READ" slug="ROLE_MOD_TAB_ADMINPARENTSECURITY_READ"/>
    <authorization_role id="TAB_ADMINPARENTSECURITY_UPDATE" slug="ROLE_MOD_TAB_ADMINPARENTSECURITY_UPDATE"/>
    <authorization_role id="TAB_ADMINPARENTSECURITY_DELETE" slug="ROLE_MOD_TAB_ADMINPARENTSECURITY_DELETE"/>
    <authorization_role id="TAB_ADMINSECURITY_CREATE" slug="ROLE_MOD_TAB_ADMINSECURITY_CREATE"/>
    <authorization_role id="TAB_ADMINSECURITY_READ" slug="ROLE_MOD_TAB_ADMINSECURITY_READ"/>
    <authorization_role id="TAB_ADMINSECURITY_UPDATE" slug="ROLE_MOD_TAB_ADMINSECURITY_UPDATE"/>
    <authorization_role id="TAB_ADMINSECURITY_DELETE" slug="ROLE_MOD_TAB_ADMINSECURITY_DELETE"/>
    <authorization_role id="TAB_ADMINSECURITYSESSIONEMPLOYEE_CREATE" slug="ROLE_MOD_TAB_ADMINSECURITYSESSIONEMPLOYEE_CREATE"/>
    <authorization_role id="TAB_ADMINSECURITYSESSIONEMPLOYEE_READ" slug="ROLE_MOD_TAB_ADMINSECURITYSESSIONEMPLOYEE_READ"/>
    <authorization_role id="TAB_ADMINSECURITYSESSIONEMPLOYEE_UPDATE" slug="ROLE_MOD_TAB_ADMINSECURITYSESSIONEMPLOYEE_UPDATE"/>
    <authorization_role id="TAB_ADMINSECURITYSESSIONEMPLOYEE_DELETE" slug="ROLE_MOD_TAB_ADMINSECURITYSESSIONEMPLOYEE_DELETE"/>
    <authorization_role id="TAB_ADMINSECURITYSESSIONCUSTOMER_CREATE" slug="ROLE_MOD_TAB_ADMINSECURITYSESSIONCUSTOMER_CREATE"/>
    <authorization_role id="TAB_ADMINSECURITYSESSIONCUSTOMER_READ" slug="ROLE_MOD_TAB_ADMINSECURITYSESSIONCUSTOMER_READ"/>
    <authorization_role id="TAB_ADMINSECURITYSESSIONCUSTOMER_UPDATE" slug="ROLE_MOD_TAB_ADMINSECURITYSESSIONCUSTOMER_UPDATE"/>
    <authorization_role id="TAB_ADMINSECURITYSESSIONCUSTOMER_DELETE" slug="ROLE_MOD_TAB_ADMINSECURITYSESSIONCUSTOMER_DELETE"/>
  </entities>
</entity_authorization_role>
