<?xml version="1.0" encoding="UTF-8" ?>
<module>
    <name>mymodule</name>
    <displayName><![CDATA[Module de test]]></displayName>
    <version><![CDATA[1.0.0]]></version>
    <description><![CDATA[Test de custom module]]></description>
    <author><![CDATA[Marianne THOMAS]]></author>
    <tab><![CDATA[front_office_features]]></tab>
	<confirmUninstall><![CDATA[Voulez-vous vraiment désinstaller ?]]></confirmUninstall>
    <is_configurable>1</is_configurable>
    <need_instance>0</need_instance>
</module>